{
  "accuracy": 0.8728111137053467,
  "precision": 0.8728117368842641,
  "recall": 0.8728111137053467,
  "f1": 0.87281075619266,
  "roc_auc": 0.9509140432868772
}