{
  "accuracy": 0.8730837388540407,
  "precision": 0.8731404267895151,
  "recall": 0.8730837388540407,
  "f1": 0.8730827666006546,
  "roc_auc": 0.9507345659960208
}