{
  "accuracy": 0.9287298622460892,
  "precision": 0.9283101962676177,
  "recall": 0.9287298622460892,
  "f1": 0.9279784188288662,
  "roc_auc": 0.979163878224772
}