{
  "accuracy": 0.8814098056313465,
  "precision": 0.8919682697161926,
  "recall": 0.8814098056313465,
  "f1": 0.8849919824062076,
  "roc_auc": 0.9398511412943014
}