{
  "accuracy": 0.9716904039224843,
  "precision": 0.9725383825558752,
  "recall": 0.9716904039224843,
  "f1": 0.971719999443288,
  "roc_auc": 0.9936618815319552
}