{
  "accuracy": 0.9695367218924925,
  "precision": 0.9690860934776139,
  "recall": 0.9695367218924925,
  "f1": 0.969242375328175,
  "roc_auc": 0.9929505658489968
}